{"lowlevel.spectral_centroid.mean": [0.3569183349609375], "lowlevel.spectral_contrast.mean": [[0.5416369438171387, 0.5794491767883301, 0.7012215852737427, 0.552978515625, 0.6090335845947266, 0.6003916263580322]], "lowlevel.dissonance.mean": [0.49073243141174316], "lowlevel.hfc.mean": [0.46706297993659973], "lowlevel.mfcc.mean": [[0.7230781316757202, 0.7577927112579346, 0.44954290986061096, 0.5684950351715088, 0.28487181663513184, 0.37234821915626526, 0.40636685490608215, 0.7503689527511597, 0.3754684329032898, 0.3929064869880676, 0.4537512958049774, 0.5027288794517517, 0.24752265214920044]], "sfx.logattacktime.mean": [0.9371328353881836], "sfx.inharmonicity.mean": [0.347256600856781]}