{"lowlevel.spectral_centroid.mean": [0.3373588025569916], "lowlevel.spectral_contrast.mean": [[0.8764468431472778, 1.1233155727386475, 0.9385075569152832, 0.8829463720321655, 0.570101261138916, 0.206298828125]], "lowlevel.dissonance.mean": [-0.1394234299659729], "lowlevel.hfc.mean": [0.4699759781360626], "lowlevel.mfcc.mean": [[0.43459343910217285, 0.961958646774292, 0.8008759021759033, 0.31608593463897705, 0.47577887773513794, 0.564741313457489, 0.5950390696525574, 0.5278695225715637, 0.5564466714859009, 0.568625807762146, 0.5335175395011902, 0.3837498426437378, 0.49826115369796753]], "sfx.logattacktime.mean": [0.8104411363601685], "sfx.inharmonicity.mean": [0.3502722382545471]}